{
    "iptm+ptm": {
        "model_1_multimer_v2_pred_0": 0.8889848109471518,
        "model_1_multimer_v2_pred_1": 0.8892834792644926,
        "model_1_multimer_v2_pred_2": 0.8846095261130644,
        "model_1_multimer_v2_pred_3": 0.8916422498061648,
        "model_1_multimer_v2_pred_4": 0.889216814024696,
        "model_2_multimer_v2_pred_0": 0.8660113991157845,
        "model_2_multimer_v2_pred_1": 0.8724069257519164,
        "model_2_multimer_v2_pred_2": 0.8721470625820175,
        "model_2_multimer_v2_pred_3": 0.8747861881675559,
        "model_2_multimer_v2_pred_4": 0.8848979237257747,
        "model_3_multimer_v2_pred_0": 0.8933541491019242,
        "model_3_multimer_v2_pred_1": 0.8900653729312378,
        "model_3_multimer_v2_pred_2": 0.8904810871938839,
        "model_3_multimer_v2_pred_3": 0.890053756924428,
        "model_3_multimer_v2_pred_4": 0.88696514613076,
        "model_4_multimer_v2_pred_0": 0.8643054880894576,
        "model_4_multimer_v2_pred_1": 0.8525884996857656,
        "model_4_multimer_v2_pred_2": 0.8648364473620923,
        "model_4_multimer_v2_pred_3": 0.857381058953102,
        "model_4_multimer_v2_pred_4": 0.8523761973763676,
        "model_5_multimer_v2_pred_0": 0.864781393202217,
        "model_5_multimer_v2_pred_1": 0.8635897416600864,
        "model_5_multimer_v2_pred_2": 0.8655104733935258,
        "model_5_multimer_v2_pred_3": 0.8732913206512525,
        "model_5_multimer_v2_pred_4": 0.8544078594156402
    },
    "order": [
        "model_3_multimer_v2_pred_0",
        "model_1_multimer_v2_pred_3",
        "model_3_multimer_v2_pred_2",
        "model_3_multimer_v2_pred_1",
        "model_3_multimer_v2_pred_3",
        "model_1_multimer_v2_pred_1",
        "model_1_multimer_v2_pred_4",
        "model_1_multimer_v2_pred_0",
        "model_3_multimer_v2_pred_4",
        "model_2_multimer_v2_pred_4",
        "model_1_multimer_v2_pred_2",
        "model_2_multimer_v2_pred_3",
        "model_5_multimer_v2_pred_3",
        "model_2_multimer_v2_pred_1",
        "model_2_multimer_v2_pred_2",
        "model_2_multimer_v2_pred_0",
        "model_5_multimer_v2_pred_2",
        "model_4_multimer_v2_pred_2",
        "model_5_multimer_v2_pred_0",
        "model_4_multimer_v2_pred_0",
        "model_5_multimer_v2_pred_1",
        "model_4_multimer_v2_pred_3",
        "model_5_multimer_v2_pred_4",
        "model_4_multimer_v2_pred_1",
        "model_4_multimer_v2_pred_4"
    ]
}