{
    "features": 2064.6250319480896,
    "process_features_model_1_multimer_v2_pred_0": 8.106231689453125e-06,
    "predict_and_compile_model_1_multimer_v2_pred_0": 142.29860973358154,
    "relax_model_1_multimer_v2_pred_0": 30.998634815216064,
    "process_features_model_1_multimer_v2_pred_1": 2.0265579223632812e-05,
    "predict_and_compile_model_1_multimer_v2_pred_1": 59.94465732574463,
    "relax_model_1_multimer_v2_pred_1": 21.627493619918823,
    "process_features_model_1_multimer_v2_pred_2": 2.4080276489257812e-05,
    "predict_and_compile_model_1_multimer_v2_pred_2": 59.94595384597778,
    "relax_model_1_multimer_v2_pred_2": 25.899993181228638,
    "process_features_model_1_multimer_v2_pred_3": 1.5735626220703125e-05,
    "predict_and_compile_model_1_multimer_v2_pred_3": 60.04071354866028,
    "relax_model_1_multimer_v2_pred_3": 21.24461269378662,
    "process_features_model_1_multimer_v2_pred_4": 5.9604644775390625e-06,
    "predict_and_compile_model_1_multimer_v2_pred_4": 60.005027055740356,
    "relax_model_1_multimer_v2_pred_4": 20.414283990859985,
    "process_features_model_2_multimer_v2_pred_0": 7.152557373046875e-06,
    "predict_and_compile_model_2_multimer_v2_pred_0": 136.4104607105255,
    "relax_model_2_multimer_v2_pred_0": 21.389966011047363,
    "process_features_model_2_multimer_v2_pred_1": 1.9073486328125e-05,
    "predict_and_compile_model_2_multimer_v2_pred_1": 60.119948625564575,
    "relax_model_2_multimer_v2_pred_1": 21.91478133201599,
    "process_features_model_2_multimer_v2_pred_2": 2.2649765014648438e-05,
    "predict_and_compile_model_2_multimer_v2_pred_2": 59.97953820228577,
    "relax_model_2_multimer_v2_pred_2": 21.85906958580017,
    "process_features_model_2_multimer_v2_pred_3": 2.384185791015625e-05,
    "predict_and_compile_model_2_multimer_v2_pred_3": 59.96463489532471,
    "relax_model_2_multimer_v2_pred_3": 21.86241888999939,
    "process_features_model_2_multimer_v2_pred_4": 2.288818359375e-05,
    "predict_and_compile_model_2_multimer_v2_pred_4": 59.97492265701294,
    "relax_model_2_multimer_v2_pred_4": 21.231603145599365,
    "process_features_model_3_multimer_v2_pred_0": 1.9073486328125e-05,
    "predict_and_compile_model_3_multimer_v2_pred_0": 137.841055393219,
    "relax_model_3_multimer_v2_pred_0": 20.965855598449707,
    "process_features_model_3_multimer_v2_pred_1": 8.821487426757812e-06,
    "predict_and_compile_model_3_multimer_v2_pred_1": 59.9651415348053,
    "relax_model_3_multimer_v2_pred_1": 21.688889980316162,
    "process_features_model_3_multimer_v2_pred_2": 1.8835067749023438e-05,
    "predict_and_compile_model_3_multimer_v2_pred_2": 60.05259466171265,
    "relax_model_3_multimer_v2_pred_2": 22.05372142791748,
    "process_features_model_3_multimer_v2_pred_3": 2.2172927856445312e-05,
    "predict_and_compile_model_3_multimer_v2_pred_3": 60.01243782043457,
    "relax_model_3_multimer_v2_pred_3": 21.60388493537903,
    "process_features_model_3_multimer_v2_pred_4": 2.0265579223632812e-05,
    "predict_and_compile_model_3_multimer_v2_pred_4": 59.95944905281067,
    "relax_model_3_multimer_v2_pred_4": 22.0837082862854,
    "process_features_model_4_multimer_v2_pred_0": 2.09808349609375e-05,
    "predict_and_compile_model_4_multimer_v2_pred_0": 139.24409699440002,
    "relax_model_4_multimer_v2_pred_0": 21.387959957122803,
    "process_features_model_4_multimer_v2_pred_1": 2.5033950805664062e-05,
    "predict_and_compile_model_4_multimer_v2_pred_1": 59.92320442199707,
    "relax_model_4_multimer_v2_pred_1": 21.934305906295776,
    "process_features_model_4_multimer_v2_pred_2": 2.0265579223632812e-05,
    "predict_and_compile_model_4_multimer_v2_pred_2": 59.923940896987915,
    "relax_model_4_multimer_v2_pred_2": 21.948298454284668,
    "process_features_model_4_multimer_v2_pred_3": 1.6689300537109375e-05,
    "predict_and_compile_model_4_multimer_v2_pred_3": 59.94356322288513,
    "relax_model_4_multimer_v2_pred_3": 21.870283126831055,
    "process_features_model_4_multimer_v2_pred_4": 8.344650268554688e-06,
    "predict_and_compile_model_4_multimer_v2_pred_4": 59.954182624816895,
    "relax_model_4_multimer_v2_pred_4": 21.910771131515503,
    "process_features_model_5_multimer_v2_pred_0": 7.62939453125e-06,
    "predict_and_compile_model_5_multimer_v2_pred_0": 143.37810969352722,
    "relax_model_5_multimer_v2_pred_0": 15.605714082717896,
    "process_features_model_5_multimer_v2_pred_1": 2.574920654296875e-05,
    "predict_and_compile_model_5_multimer_v2_pred_1": 59.9435498714447,
    "relax_model_5_multimer_v2_pred_1": 22.180749893188477,
    "process_features_model_5_multimer_v2_pred_2": 2.7418136596679688e-05,
    "predict_and_compile_model_5_multimer_v2_pred_2": 59.940266609191895,
    "relax_model_5_multimer_v2_pred_2": 22.62062096595764,
    "process_features_model_5_multimer_v2_pred_3": 2.4080276489257812e-05,
    "predict_and_compile_model_5_multimer_v2_pred_3": 60.03515839576721,
    "relax_model_5_multimer_v2_pred_3": 25.518839120864868,
    "process_features_model_5_multimer_v2_pred_4": 2.9087066650390625e-05,
    "predict_and_compile_model_5_multimer_v2_pred_4": 59.97996258735657,
    "relax_model_5_multimer_v2_pred_4": 25.910106420516968
}