{
    "iptm+ptm": {
        "model_1_multimer_v2_pred_0": 0.1602827935201333,
        "model_1_multimer_v2_pred_1": 0.16535868353596583,
        "model_1_multimer_v2_pred_2": 0.16174403068178866,
        "model_1_multimer_v2_pred_3": 0.1615710396393545,
        "model_1_multimer_v2_pred_4": 0.16473686851652677,
        "model_2_multimer_v2_pred_0": 0.16235230078665802,
        "model_2_multimer_v2_pred_1": 0.1661032340684172,
        "model_2_multimer_v2_pred_2": 0.16458344735297434,
        "model_2_multimer_v2_pred_3": 0.1623251543965153,
        "model_2_multimer_v2_pred_4": 0.1631652434512974,
        "model_3_multimer_v2_pred_0": 0.1631984889184211,
        "model_3_multimer_v2_pred_1": 0.16205573603772394,
        "model_3_multimer_v2_pred_2": 0.16529683237944962,
        "model_3_multimer_v2_pred_3": 0.1648080854016035,
        "model_3_multimer_v2_pred_4": 0.16300462832416684,
        "model_4_multimer_v2_pred_0": 0.16173593000474518,
        "model_4_multimer_v2_pred_1": 0.16026162838000252,
        "model_4_multimer_v2_pred_2": 0.16077038111154762,
        "model_4_multimer_v2_pred_3": 0.16152682879450483,
        "model_4_multimer_v2_pred_4": 0.15864978960812928,
        "model_5_multimer_v2_pred_0": 0.1592814882761055,
        "model_5_multimer_v2_pred_1": 0.1606870754470321,
        "model_5_multimer_v2_pred_2": 0.1579269578161403,
        "model_5_multimer_v2_pred_3": 0.16081231795042633,
        "model_5_multimer_v2_pred_4": 0.16030876586363793
    },
    "order": [
        "model_2_multimer_v2_pred_1",
        "model_1_multimer_v2_pred_1",
        "model_3_multimer_v2_pred_2",
        "model_3_multimer_v2_pred_3",
        "model_1_multimer_v2_pred_4",
        "model_2_multimer_v2_pred_2",
        "model_3_multimer_v2_pred_0",
        "model_2_multimer_v2_pred_4",
        "model_3_multimer_v2_pred_4",
        "model_2_multimer_v2_pred_0",
        "model_2_multimer_v2_pred_3",
        "model_3_multimer_v2_pred_1",
        "model_1_multimer_v2_pred_2",
        "model_4_multimer_v2_pred_0",
        "model_1_multimer_v2_pred_3",
        "model_4_multimer_v2_pred_3",
        "model_5_multimer_v2_pred_3",
        "model_4_multimer_v2_pred_2",
        "model_5_multimer_v2_pred_1",
        "model_5_multimer_v2_pred_4",
        "model_1_multimer_v2_pred_0",
        "model_4_multimer_v2_pred_1",
        "model_5_multimer_v2_pred_0",
        "model_4_multimer_v2_pred_4",
        "model_5_multimer_v2_pred_2"
    ]
}