{
    "features": 2051.362782239914,
    "process_features_model_1_multimer_v2_pred_0": 7.867813110351562e-06,
    "predict_and_compile_model_1_multimer_v2_pred_0": 94.23049545288086,
    "relax_model_1_multimer_v2_pred_0": 19.41685700416565,
    "process_features_model_1_multimer_v2_pred_1": 4.76837158203125e-06,
    "predict_and_compile_model_1_multimer_v2_pred_1": 15.749613761901855,
    "relax_model_1_multimer_v2_pred_1": 7.735552072525024,
    "process_features_model_1_multimer_v2_pred_2": 2.6702880859375e-05,
    "predict_and_compile_model_1_multimer_v2_pred_2": 15.76037049293518,
    "relax_model_1_multimer_v2_pred_2": 12.252167701721191,
    "process_features_model_1_multimer_v2_pred_3": 2.0742416381835938e-05,
    "predict_and_compile_model_1_multimer_v2_pred_3": 15.778834819793701,
    "relax_model_1_multimer_v2_pred_3": 7.741575002670288,
    "process_features_model_1_multimer_v2_pred_4": 2.5987625122070312e-05,
    "predict_and_compile_model_1_multimer_v2_pred_4": 15.77178955078125,
    "relax_model_1_multimer_v2_pred_4": 13.017273426055908,
    "process_features_model_2_multimer_v2_pred_0": 2.6702880859375e-05,
    "predict_and_compile_model_2_multimer_v2_pred_0": 89.97286248207092,
    "relax_model_2_multimer_v2_pred_0": 13.429857730865479,
    "process_features_model_2_multimer_v2_pred_1": 7.867813110351562e-06,
    "predict_and_compile_model_2_multimer_v2_pred_1": 16.3721284866333,
    "relax_model_2_multimer_v2_pred_1": 7.786775350570679,
    "process_features_model_2_multimer_v2_pred_2": 2.86102294921875e-05,
    "predict_and_compile_model_2_multimer_v2_pred_2": 16.47770667076111,
    "relax_model_2_multimer_v2_pred_2": 13.264613628387451,
    "process_features_model_2_multimer_v2_pred_3": 1.5020370483398438e-05,
    "predict_and_compile_model_2_multimer_v2_pred_3": 16.40228533744812,
    "relax_model_2_multimer_v2_pred_3": 7.953716993331909,
    "process_features_model_2_multimer_v2_pred_4": 2.8848648071289062e-05,
    "predict_and_compile_model_2_multimer_v2_pred_4": 16.55914831161499,
    "relax_model_2_multimer_v2_pred_4": 13.340197801589966,
    "process_features_model_3_multimer_v2_pred_0": 2.4318695068359375e-05,
    "predict_and_compile_model_3_multimer_v2_pred_0": 89.9822313785553,
    "relax_model_3_multimer_v2_pred_0": 7.766628742218018,
    "process_features_model_3_multimer_v2_pred_1": 2.6226043701171875e-05,
    "predict_and_compile_model_3_multimer_v2_pred_1": 15.730787515640259,
    "relax_model_3_multimer_v2_pred_1": 17.175316095352173,
    "process_features_model_3_multimer_v2_pred_2": 2.7418136596679688e-05,
    "predict_and_compile_model_3_multimer_v2_pred_2": 15.758191347122192,
    "relax_model_3_multimer_v2_pred_2": 14.317180633544922,
    "process_features_model_3_multimer_v2_pred_3": 4.76837158203125e-06,
    "predict_and_compile_model_3_multimer_v2_pred_3": 15.752766370773315,
    "relax_model_3_multimer_v2_pred_3": 7.765975713729858,
    "process_features_model_3_multimer_v2_pred_4": 2.5987625122070312e-05,
    "predict_and_compile_model_3_multimer_v2_pred_4": 15.778101921081543,
    "relax_model_3_multimer_v2_pred_4": 13.748210668563843,
    "process_features_model_4_multimer_v2_pred_0": 5.0067901611328125e-06,
    "predict_and_compile_model_4_multimer_v2_pred_0": 93.14616656303406,
    "relax_model_4_multimer_v2_pred_0": 7.990084648132324,
    "process_features_model_4_multimer_v2_pred_1": 2.5033950805664062e-05,
    "predict_and_compile_model_4_multimer_v2_pred_1": 15.71780252456665,
    "relax_model_4_multimer_v2_pred_1": 8.164764642715454,
    "process_features_model_4_multimer_v2_pred_2": 2.6464462280273438e-05,
    "predict_and_compile_model_4_multimer_v2_pred_2": 15.761649370193481,
    "relax_model_4_multimer_v2_pred_2": 13.356383085250854,
    "process_features_model_4_multimer_v2_pred_3": 2.7179718017578125e-05,
    "predict_and_compile_model_4_multimer_v2_pred_3": 15.754173755645752,
    "relax_model_4_multimer_v2_pred_3": 7.841224431991577,
    "process_features_model_4_multimer_v2_pred_4": 2.7418136596679688e-05,
    "predict_and_compile_model_4_multimer_v2_pred_4": 15.781598329544067,
    "relax_model_4_multimer_v2_pred_4": 13.133601903915405,
    "process_features_model_5_multimer_v2_pred_0": 2.6464462280273438e-05,
    "predict_and_compile_model_5_multimer_v2_pred_0": 97.75015020370483,
    "relax_model_5_multimer_v2_pred_0": 8.102869510650635,
    "process_features_model_5_multimer_v2_pred_1": 2.574920654296875e-05,
    "predict_and_compile_model_5_multimer_v2_pred_1": 20.033019304275513,
    "relax_model_5_multimer_v2_pred_1": 14.586735010147095,
    "process_features_model_5_multimer_v2_pred_2": 5.7220458984375e-06,
    "predict_and_compile_model_5_multimer_v2_pred_2": 20.133358478546143,
    "relax_model_5_multimer_v2_pred_2": 7.814099311828613,
    "process_features_model_5_multimer_v2_pred_3": 2.7179718017578125e-05,
    "predict_and_compile_model_5_multimer_v2_pred_3": 20.76742172241211,
    "relax_model_5_multimer_v2_pred_3": 14.187044143676758,
    "process_features_model_5_multimer_v2_pred_4": 1.430511474609375e-05,
    "predict_and_compile_model_5_multimer_v2_pred_4": 15.766500234603882,
    "relax_model_5_multimer_v2_pred_4": 7.932837724685669
}